DataSet,psnr,ssim
Set5,28.48016853379379,0.8278672218322753
